"Date","Price","Open","High","Low","Change %"
"12/31/2025","1.862","1.933","1.933","1.845","-0.53%"
"12/30/2025","1.872","1.900","1.900","1.846","0.27%"
"12/29/2025","1.867","1.833","1.867","1.833","2.08%"
"12/26/2025","1.829","1.848","1.848","1.823","-0.71%"
"12/25/2025","1.842","1.850","1.865","1.838","-0.65%"
"12/24/2025","1.854","1.868","1.868","1.831","-0.59%"
"12/23/2025","1.865","1.890","1.890","1.828","0.59%"
"12/22/2025","1.854","1.835","1.856","1.832","1.76%"
"12/19/2025","1.822","1.845","1.845","1.816","1.33%"
"12/18/2025","1.798","1.868","1.868","1.784","-2.55%"
"12/17/2025","1.845","1.880","1.880","1.837","2.79%"
"12/16/2025","1.795","1.850","1.871","1.792","0.00%"
"12/15/2025","1.795","1.840","1.880","1.784","-2.92%"
"12/12/2025","1.849","1.860","1.860","1.816","-0.16%"
"12/11/2025","1.852","1.890","1.890","1.838","-0.27%"
"12/10/2025","1.857","1.890","1.890","1.844","-0.75%"
"12/09/2025","1.871","1.900","1.900","1.841","-0.21%"
"12/08/2025","1.875","1.873","1.875","1.850","0.91%"
"12/05/2025","1.858","1.900","1.900","1.832","-0.21%"
"12/04/2025","1.862","1.880","1.880","1.847","1.09%"
"12/03/2025","1.842","1.874","1.880","1.828","-0.11%"
"12/02/2025","1.844","1.877","1.877","1.827","0.22%"
"12/01/2025","1.840","1.870","1.870","1.826","0.44%"
"11/28/2025","1.832","1.885","1.885","1.830","-0.92%"
"11/27/2025","1.849","1.914","1.914","1.836","0.87%"
"11/26/2025","1.833","1.870","1.870","1.820","0.60%"
"11/25/2025","1.822","1.853","1.853","1.814","-0.22%"
"11/24/2025","1.826","1.860","1.860","1.810","0.27%"
"11/21/2025","1.821","1.810","1.835","1.809","-0.11%"
"11/20/2025","1.823","1.807","1.834","1.807","0.39%"
"11/19/2025","1.816","1.805","1.844","1.805","0.11%"
"11/18/2025","1.814","1.850","1.850","1.802","-0.06%"
"11/17/2025","1.815","1.805","1.815","1.802","0.44%"
"11/14/2025","1.807","1.845","1.845","1.803","-0.39%"
"11/13/2025","1.814","1.849","1.849","1.804","-0.11%"
"11/12/2025","1.816","1.850","1.850","1.800","-0.49%"
"11/11/2025","1.825","1.807","1.834","1.804","0.61%"
"11/10/2025","1.814","1.848","1.848","1.802","3.19%"
"11/07/2025","1.758","1.786","1.786","1.745","0.11%"
"11/06/2025","1.756","1.790","1.790","1.737","0.63%"
"11/05/2025","1.745","1.739","1.780","1.731","-0.11%"
"11/04/2025","1.747","1.777","1.777","1.738","-0.57%"
"11/03/2025","1.757","1.780","1.780","1.734","-0.40%"
"10/31/2025","1.764","1.790","1.790","1.743","0.11%"
"10/30/2025","1.762","1.807","1.807","1.753","-0.23%"
"10/29/2025","1.766","1.812","1.812","1.753","-0.39%"
"10/28/2025","1.773","1.743","1.785","1.743","-0.45%"
"10/27/2025","1.781","1.829","1.829","1.781","-0.45%"
"10/24/2025","1.789","1.823","1.823","1.777","0.45%"
"10/23/2025","1.781","1.810","1.810","1.766","0.11%"
"10/22/2025","1.779","1.810","1.810","1.760","0.11%"
"10/21/2025","1.777","1.817","1.817","1.767","0.06%"
"10/20/2025","1.776","1.796","1.796","1.754","0.74%"
"10/17/2025","1.763","1.803","1.803","1.747","-0.34%"
"10/16/2025","1.769","1.810","1.810","1.753","-0.28%"
"10/15/2025","1.774","1.795","1.795","1.755","0.28%"
"10/14/2025","1.769","1.810","1.810","1.751","-0.11%"
"10/13/2025","1.771","1.792","1.792","1.749","-4.63%"
"10/11/2025","1.857","1.892","1.892","1.823","-0.21%"
"10/10/2025","1.861","1.892","1.892","1.844","-3.32%"
"10/09/2025","1.925","1.910","1.925","1.846","2.50%"
"09/30/2025","1.878","1.940","1.940","1.858","-0.90%"
"09/29/2025","1.895","1.925","1.925","1.875","-0.58%"
"09/28/2025","1.906","1.880","1.906","1.880","-0.42%"
"09/26/2025","1.914","1.930","1.963","1.878","0.58%"
"09/25/2025","1.903","1.950","1.950","1.888","0.00%"
"09/24/2025","1.903","1.930","1.930","1.883","0.90%"
"09/23/2025","1.886","1.910","1.910","1.873","0.27%"
"09/22/2025","1.881","1.875","1.903","1.869","0.48%"
"09/19/2025","1.872","1.900","1.900","1.851","0.32%"
"09/18/2025","1.866","1.882","1.882","1.843","-0.21%"
"09/17/2025","1.870","1.900","1.900","1.849","-0.48%"
"09/16/2025","1.879","1.920","1.920","1.853","-0.53%"
"09/15/2025","1.889","1.920","1.920","1.865","3.96%"
"09/12/2025","1.817","1.850","1.850","1.795","0.33%"
"09/11/2025","1.811","1.870","1.870","1.799","-0.11%"
"09/10/2025","1.813","1.840","1.840","1.792","0.72%"
"09/09/2025","1.800","1.833","1.833","1.781","0.67%"
"09/08/2025","1.788","1.813","1.813","1.778","1.25%"
"09/05/2025","1.766","1.800","1.800","1.754","-0.17%"
"09/04/2025","1.769","1.800","1.800","1.740","-0.34%"
"09/03/2025","1.775","1.820","1.820","1.760","-0.67%"
"09/02/2025","1.787","1.811","1.811","1.768","-0.28%"
"09/01/2025","1.792","1.830","1.830","1.777","0.39%"
"08/29/2025","1.785","1.790","1.816","1.779","-0.06%"
"08/28/2025","1.786","1.820","1.820","1.766","0.79%"
"08/27/2025","1.772","1.808","1.808","1.759","0.00%"
"08/26/2025","1.772","1.810","1.810","1.759","-0.67%"
"08/25/2025","1.784","1.805","1.818","1.774","-0.28%"
"08/22/2025","1.789","1.820","1.820","1.763","0.85%"
"08/21/2025","1.774","1.800","1.831","1.771","-0.84%"
"08/20/2025","1.789","1.808","1.808","1.758","0.56%"
"08/19/2025","1.779","1.830","1.830","1.765","0.57%"
"08/18/2025","1.769","1.793","1.793","1.762","1.20%"
"08/15/2025","1.748","1.780","1.780","1.723","0.63%"
"08/14/2025","1.737","1.770","1.770","1.719","0.23%"
"08/13/2025","1.733","1.780","1.780","1.720","0.29%"
"08/12/2025","1.728","1.765","1.765","1.720","0.82%"
"08/11/2025","1.714","1.735","1.735","1.691","0.82%"
"08/08/2025","1.700","1.700","1.702","1.689","0.12%"
"08/07/2025","1.698","1.745","1.745","1.688","-1.16%"
"08/06/2025","1.718","1.750","1.750","1.696","0.17%"
"08/05/2025","1.715","1.755","1.755","1.700","-0.29%"
"08/04/2025","1.720","1.733","1.733","1.689","0.58%"
"08/01/2025","1.710","1.753","1.753","1.701","-1.04%"
"07/31/2025","1.728","1.765","1.765","1.709","-0.46%"
"07/30/2025","1.736","1.795","1.795","1.735","0.00%"
"07/29/2025","1.736","1.760","1.760","1.720","0.06%"
"07/28/2025","1.735","1.765","1.765","1.715","-0.06%"
"07/25/2025","1.736","1.793","1.793","1.721","-0.23%"
"07/24/2025","1.740","1.750","1.750","1.708","2.11%"
"07/23/2025","1.704","1.739","1.739","1.697","0.83%"
"07/22/2025","1.690","1.726","1.726","1.673","0.48%"
"07/21/2025","1.682","1.708","1.708","1.673","0.48%"
"07/18/2025","1.674","1.711","1.711","1.663","0.72%"
"07/17/2025","1.662","1.709","1.709","1.657","0.00%"
"07/16/2025","1.662","1.704","1.704","1.655","-1.07%"
"07/15/2025","1.680","1.715","1.715","1.657","0.48%"
"07/14/2025","1.672","1.713","1.713","1.669","0.12%"
"07/11/2025","1.670","1.700","1.700","1.660","0.42%"
"07/10/2025","1.663","1.685","1.685","1.645","0.85%"
"07/09/2025","1.649","1.690","1.690","1.645","-0.36%"
"07/08/2025","1.655","1.680","1.680","1.641","0.24%"
"07/07/2025","1.651","1.692","1.692","1.640","0.67%"
"07/04/2025","1.640","1.685","1.685","1.639","0.00%"
"07/03/2025","1.640","1.645","1.668","1.638","0.00%"
"07/02/2025","1.640","1.645","1.668","1.638","0.00%"
"07/01/2025","1.640","1.693","1.693","1.644","-0.61%"
"06/30/2025","1.650","1.690","1.690","1.646","0.61%"
"06/27/2025","1.640","1.650","1.671","1.644","-0.61%"
"06/26/2025","1.650","1.655","1.678","1.651","0.61%"
"06/25/2025","1.640","1.650","1.700","1.643","0.00%"
"06/24/2025","1.640","1.739","1.739","1.641","0.00%"
"06/23/2025","1.640","1.683","1.683","1.634","0.00%"
"06/20/2025","1.640","1.680","1.680","1.637","0.00%"
"06/19/2025","1.640","1.640","1.663","1.636","0.00%"
"06/18/2025","1.640","1.683","1.683","1.636","0.00%"
"06/17/2025","1.640","1.690","1.690","1.636","1.23%"
"06/16/2025","1.620","1.688","1.688","1.631","-3.57%"
"06/13/2025","1.680","1.721","1.721","1.682","1.20%"
"06/12/2025","1.660","1.730","1.730","1.670","-1.19%"
"06/11/2025","1.680","1.737","1.737","1.684","0.00%"
"06/10/2025","1.680","1.784","1.784","1.681","0.00%"
"06/09/2025","1.680","1.740","1.740","1.686","-0.59%"
"06/06/2025","1.690","1.743","1.743","1.692","0.60%"
"06/05/2025","1.680","1.748","1.748","1.694","-1.18%"
"06/04/2025","1.700","1.743","1.743","1.702","0.00%"
"06/03/2025","1.700","1.740","1.740","1.691","0.00%"
"05/30/2025","1.700","1.765","1.765","1.697","-0.58%"
"05/29/2025","1.710","1.750","1.750","1.715","0.00%"
"05/28/2025","1.710","1.792","1.792","1.700","2.40%"
"05/27/2025","1.670","1.740","1.740","1.684","-1.18%"
"05/26/2025","1.690","1.730","1.730","1.684","1.20%"
"05/23/2025","1.670","1.688","1.727","1.686","-1.18%"
"05/22/2025","1.690","1.716","1.716","1.675","1.81%"
"05/21/2025","1.660","1.715","1.715","1.664","-0.60%"
"05/20/2025","1.670","1.705","1.705","1.654","0.00%"
"05/19/2025","1.670","1.715","1.715","1.671","0.60%"
"05/16/2025","1.660","1.756","1.756","1.673","-0.60%"
"05/15/2025","1.670","1.683","1.698","1.668","0.00%"
"05/14/2025","1.670","1.710","1.710","1.665","0.60%"
"05/13/2025","1.660","1.720","1.720","1.663","0.61%"
"05/12/2025","1.650","1.680","1.680","1.638","1.23%"
"05/09/2025","1.630","1.678","1.678","1.627","0.00%"
"05/08/2025","1.630","1.685","1.685","1.627","-0.61%"
"05/07/2025","1.640","1.680","1.680","1.616","0.61%"
"05/06/2025","1.630","1.670","1.670","1.625","0.62%"
"04/30/2025","1.620","1.670","1.670","1.623","-0.61%"
"04/29/2025","1.630","1.693","1.693","1.629","-1.21%"
"04/28/2025","1.650","1.660","1.670","1.646","-0.60%"
"04/27/2025","1.660","1.675","1.757","1.655","0.00%"
"04/25/2025","1.660","1.675","1.675","1.655","0.00%"
"04/24/2025","1.660","1.710","1.710","1.651","0.00%"
"04/23/2025","1.660","1.660","1.680","1.655","0.61%"
"04/22/2025","1.650","1.709","1.709","1.648","-0.60%"
"04/21/2025","1.660","1.695","1.695","1.649","0.61%"
"04/18/2025","1.650","1.700","1.700","1.646","0.61%"
"04/17/2025","1.640","1.688","1.688","1.639","0.00%"
"04/16/2025","1.640","1.675","1.693","1.635","-0.61%"
"04/15/2025","1.650","1.703","1.703","1.652","0.00%"
"04/14/2025","1.650","1.703","1.703","1.652","0.00%"
"04/11/2025","1.650","1.670","1.680","1.635","0.61%"
"04/10/2025","1.640","1.660","1.680","1.640","-0.61%"
"04/09/2025","1.650","1.685","1.695","1.641","-0.60%"
"04/08/2025","1.660","1.690","1.690","1.650","-0.60%"
"04/07/2025","1.670","1.678","1.678","1.627","-6.70%"
"04/03/2025","1.790","1.839","1.839","1.785","-3.24%"
"04/02/2025","1.850","1.910","1.910","1.850","-1.07%"
"04/01/2025","1.870","1.908","1.908","1.858","0.00%"
"03/31/2025","1.870","1.928","1.928","1.868","0.00%"
"03/28/2025","1.870","1.918","1.918","1.865","0.00%"
"03/27/2025","1.870","1.883","1.895","1.870","0.00%"
"03/26/2025","1.870","1.940","1.940","1.859","-1.06%"
"03/25/2025","1.890","1.919","1.920","1.865","0.00%"
"03/24/2025","1.890","1.945","1.945","1.906","-0.53%"
"03/21/2025","1.900","1.950","1.950","1.891","-1.04%"
"03/20/2025","1.920","1.983","1.983","1.923","-1.03%"
"03/19/2025","1.940","2.003","2.003","1.946","0.52%"
"03/18/2025","1.930","2.007","2.007","1.946","3.21%"
"03/17/2025","1.870","1.975","1.975","1.889","-1.06%"
"03/14/2025","1.890","1.960","1.960","1.895","-1.05%"
"03/13/2025","1.910","1.940","1.940","1.881","0.00%"
"03/12/2025","1.910","1.945","1.948","1.913","0.53%"
"03/11/2025","1.900","1.910","1.910","1.878","3.83%"
"03/10/2025","1.830","1.890","1.890","1.840","4.57%"
"03/07/2025","1.750","1.834","1.848","1.755","-0.57%"
"03/06/2025","1.760","1.800","1.800","1.758","0.57%"
"03/05/2025","1.750","1.799","1.799","1.749","0.00%"
"03/04/2025","1.750","1.800","1.800","1.741","-1.13%"
"03/03/2025","1.770","1.810","1.810","1.777","0.00%"
"02/28/2025","1.770","1.835","1.835","1.771","0.00%"
"02/27/2025","1.770","1.813","1.813","1.761","0.57%"
"02/26/2025","1.760","1.803","1.803","1.751","-0.56%"
"02/25/2025","1.770","1.840","1.840","1.759","-0.56%"
"02/24/2025","1.780","1.810","1.823","1.769","2.30%"
"02/21/2025","1.740","1.760","1.760","1.720","1.99%"
"02/20/2025","1.706","1.725","1.725","1.692","0.77%"
"02/19/2025","1.693","1.740","1.740","1.686","-1.23%"
"02/18/2025","1.714","1.735","1.736","1.689","2.02%"
"02/17/2025","1.680","1.700","1.700","1.666","1.57%"
"02/14/2025","1.654","1.670","1.670","1.631","0.92%"
"02/13/2025","1.639","1.678","1.678","1.631","0.06%"
"02/12/2025","1.638","1.668","1.668","1.623","-0.12%"
"02/11/2025","1.640","1.675","1.675","1.626","1.05%"
"02/10/2025","1.623","1.645","1.645","1.616","0.81%"
"02/08/2025","1.610","1.648","1.648","1.608","-0.19%"
"02/07/2025","1.613","1.640","1.640","1.595","-0.86%"
"02/06/2025","1.627","1.660","1.660","1.610","-0.06%"
"02/05/2025","1.628","1.670","1.670","1.622","-1.51%"
"01/27/2025","1.653","1.700","1.700","1.627","0.18%"
"01/26/2025","1.650","1.695","1.695","1.650","1.10%"
"01/24/2025","1.632","1.700","1.700","1.614","-2.10%"
"01/23/2025","1.667","1.705","1.705","1.650","0.36%"
"01/22/2025","1.661","1.685","1.685","1.643","-0.24%"
"01/21/2025","1.665","1.755","1.755","1.648","0.00%"
"01/20/2025","1.665","1.700","1.705","1.661","0.60%"
"01/17/2025","1.655","1.688","1.688","1.629","-0.18%"
"01/16/2025","1.658","1.669","1.669","1.652","0.30%"
"01/15/2025","1.653","1.661","1.661","1.629","-0.18%"
"01/14/2025","1.656","1.704","1.704","1.643","-0.12%"
"01/13/2025","1.658","1.685","1.685","1.637","1.41%"
"01/10/2025","1.635","1.644","1.654","1.626","0.12%"
"01/09/2025","1.633","1.665","1.646","1.601","1.55%"
"01/08/2025","1.608","1.628","1.628","1.601","-0.25%"
"01/07/2025","1.612","1.624","1.624","1.604","0.31%"
"01/06/2025","1.607","1.640","1.640","1.588","0.00%"
"01/03/2025","1.607","1.655","1.655","1.586","-0.37%"
"01/02/2025","1.613","1.700","1.700","1.608","-3.99%"